timestamp,peerId,metode,tahap,durasi_ms,ukuran_payload_byte,status,keterangan
"2026-07-29T13:43:00.731Z","peer-a","JWT","login_client","20.400","26","sukses",""
"2026-07-29T13:43:01.121Z","peer-a","JWT","call_setup_total","426.400","","sukses",""
"2026-07-29T13:43:03.074Z","peer-a","JWT","login_client","20.500","26","sukses",""
"2026-07-29T13:43:03.284Z","peer-a","JWT","call_setup_total","241.600","","sukses",""
"2026-07-29T13:43:05.240Z","peer-a","JWT","login_client","4.500","26","sukses",""
"2026-07-29T13:43:05.445Z","peer-a","JWT","call_setup_total","216.400","","sukses",""
"2026-07-29T13:43:07.373Z","peer-a","JWT","login_client","4.300","26","sukses",""
"2026-07-29T13:43:07.575Z","peer-a","JWT","call_setup_total","217.200","","sukses",""
"2026-07-29T13:43:09.508Z","peer-a","JWT","login_client","4.100","26","sukses",""
"2026-07-29T13:43:09.717Z","peer-a","JWT","call_setup_total","225.400","","sukses",""
"2026-07-29T13:43:10.268Z","peer-a","JWT","login_client","3.900","26","sukses",""
"2026-07-29T13:43:10.493Z","peer-a","JWT","call_setup_total","241.000","","sukses",""
"2026-07-29T13:43:12.462Z","peer-a","JWT","login_client","4.900","26","sukses",""
"2026-07-29T13:43:12.665Z","peer-a","JWT","call_setup_total","218.800","","sukses",""
"2026-07-29T13:43:14.637Z","peer-a","JWT","login_client","4.400","26","sukses",""
"2026-07-29T13:43:14.832Z","peer-a","JWT","call_setup_total","210.400","","sukses",""
"2026-07-29T13:43:16.783Z","peer-a","JWT","login_client","4.300","26","sukses",""
"2026-07-29T13:43:16.992Z","peer-a","JWT","call_setup_total","224.200","","sukses",""
"2026-07-29T13:43:18.952Z","peer-a","JWT","login_client","4.100","26","sukses",""
"2026-07-29T13:43:19.165Z","peer-a","JWT","call_setup_total","228.700","","sukses",""
"2026-07-29T13:43:21.116Z","peer-a","JWT","login_client","3.800","26","sukses",""
"2026-07-29T13:43:21.362Z","peer-a","JWT","call_setup_total","262.200","","sukses",""
"2026-07-29T13:43:23.318Z","peer-a","JWT","login_client","4.500","26","sukses",""
"2026-07-29T13:43:23.526Z","peer-a","JWT","call_setup_total","224.600","","sukses",""
"2026-07-29T13:43:25.465Z","peer-a","JWT","login_client","4.500","26","sukses",""
"2026-07-29T13:43:25.667Z","peer-a","JWT","call_setup_total","215.700","","sukses",""
"2026-07-29T13:43:27.628Z","peer-a","JWT","login_client","4.200","26","sukses",""
"2026-07-29T13:43:27.831Z","peer-a","JWT","call_setup_total","216.400","","sukses",""
"2026-07-29T13:43:29.768Z","peer-a","JWT","login_client","3.700","26","sukses",""
"2026-07-29T13:43:29.967Z","peer-a","JWT","call_setup_total","215.300","","sukses",""
"2026-07-29T13:43:31.927Z","peer-a","JWT","login_client","3.900","26","sukses",""
"2026-07-29T13:43:32.134Z","peer-a","JWT","call_setup_total","220.900","","sukses",""
"2026-07-29T13:43:34.083Z","peer-a","JWT","login_client","4.500","26","sukses",""
"2026-07-29T13:43:34.277Z","peer-a","JWT","call_setup_total","209.200","","sukses",""
"2026-07-29T13:43:36.214Z","peer-a","JWT","login_client","3.800","26","sukses",""
"2026-07-29T13:43:36.420Z","peer-a","JWT","call_setup_total","218.200","","sukses",""
"2026-07-29T13:43:38.366Z","peer-a","JWT","login_client","3.500","26","sukses",""
"2026-07-29T13:43:38.589Z","peer-a","JWT","call_setup_total","237.600","","sukses",""
"2026-07-29T13:43:40.551Z","peer-a","JWT","login_client","4.200","26","sukses",""
"2026-07-29T13:43:40.751Z","peer-a","JWT","call_setup_total","216.200","","sukses",""
"2026-07-29T13:43:41.238Z","peer-a","JWT","login_client","4.000","26","sukses",""
"2026-07-29T13:43:41.437Z","peer-a","JWT","call_setup_total","214.000","","sukses",""
"2026-07-29T13:43:43.337Z","peer-a","JWT","login_client","4.600","26","sukses",""
"2026-07-29T13:43:43.543Z","peer-a","JWT","call_setup_total","221.900","","sukses",""
"2026-07-29T13:43:45.482Z","peer-a","JWT","login_client","3.900","26","sukses",""
"2026-07-29T13:43:45.686Z","peer-a","JWT","call_setup_total","220.200","","sukses",""
"2026-07-29T13:43:47.632Z","peer-a","JWT","login_client","3.500","26","sukses",""
"2026-07-29T13:43:47.891Z","peer-a","JWT","call_setup_total","275.500","","sukses",""
"2026-07-29T13:43:49.820Z","peer-a","JWT","login_client","4.100","26","sukses",""
"2026-07-29T13:43:50.022Z","peer-a","JWT","call_setup_total","216.800","","sukses",""
"2026-07-29T13:43:52.007Z","peer-a","JWT","login_client","4.000","26","sukses",""
"2026-07-29T13:43:52.222Z","peer-a","JWT","call_setup_total","229.400","","sukses",""
"2026-07-29T13:43:54.185Z","peer-a","JWT","login_client","4.500","26","sukses",""
"2026-07-29T13:43:54.395Z","peer-a","JWT","call_setup_total","224.700","","sukses",""
"2026-07-29T13:43:56.393Z","peer-a","JWT","login_client","4.300","26","sukses",""
"2026-07-29T13:43:56.608Z","peer-a","JWT","call_setup_total","240.200","","sukses",""
"2026-07-29T13:43:58.550Z","peer-a","JWT","login_client","4.400","26","sukses",""
"2026-07-29T13:43:58.795Z","peer-a","JWT","call_setup_total","260.100","","sukses",""
"2026-07-29T13:44:00.751Z","peer-a","JWT","login_client","3.900","26","sukses",""
"2026-07-29T13:44:00.952Z","peer-a","JWT","call_setup_total","216.100","","sukses",""
"2026-07-29T13:44:03.593Z","peer-a","ZKP","generate_proof_client","376.400","1112","sukses",""
"2026-07-29T13:44:03.796Z","peer-a","ZKP","call_setup_total","607.900","","sukses",""
"2026-07-29T13:44:06.387Z","peer-a","ZKP","generate_proof_client","343.700","1112","sukses",""
"2026-07-29T13:44:06.591Z","peer-a","ZKP","call_setup_total","569.400","","sukses",""
"2026-07-29T13:44:09.317Z","peer-a","ZKP","generate_proof_client","335.800","1116","sukses",""
"2026-07-29T13:44:09.518Z","peer-a","ZKP","call_setup_total","562.500","","sukses",""
"2026-07-29T13:44:12.194Z","peer-a","ZKP","generate_proof_client","328.900","1116","sukses",""
"2026-07-29T13:44:12.335Z","peer-a","ZKP","call_setup_total","492.800","","sukses",""
"2026-07-29T13:44:13.463Z","peer-a","ZKP","generate_proof_client","338.000","1116","sukses",""
"2026-07-29T13:44:13.668Z","peer-a","ZKP","call_setup_total","570.100","","sukses",""
"2026-07-29T13:44:16.271Z","peer-a","ZKP","generate_proof_client","313.500","1112","sukses",""
"2026-07-29T13:44:16.477Z","peer-a","ZKP","call_setup_total","547.600","","sukses",""
"2026-07-29T13:44:19.077Z","peer-a","ZKP","generate_proof_client","314.500","1116","sukses",""
"2026-07-29T13:44:19.283Z","peer-a","ZKP","call_setup_total","538.000","","sukses",""
"2026-07-29T13:44:21.833Z","peer-a","ZKP","generate_proof_client","303.100","1112","sukses",""
"2026-07-29T13:44:22.038Z","peer-a","ZKP","call_setup_total","527.600","","sukses",""
"2026-07-29T13:44:24.661Z","peer-a","ZKP","generate_proof_client","304.700","1116","sukses",""
"2026-07-29T13:44:24.862Z","peer-a","ZKP","call_setup_total","528.000","","sukses",""
"2026-07-29T13:44:27.489Z","peer-a","ZKP","generate_proof_client","338.800","1120","sukses",""
"2026-07-29T13:44:27.702Z","peer-a","ZKP","call_setup_total","573.500","","sukses",""
"2026-07-29T13:44:30.336Z","peer-a","ZKP","generate_proof_client","311.200","1116","sukses",""
"2026-07-29T13:44:30.542Z","peer-a","ZKP","call_setup_total","534.200","","sukses",""
"2026-07-29T13:44:33.124Z","peer-a","ZKP","generate_proof_client","319.300","1112","sukses",""
"2026-07-29T13:44:33.324Z","peer-a","ZKP","call_setup_total","542.300","","sukses",""
"2026-07-29T13:44:35.924Z","peer-a","ZKP","generate_proof_client","296.800","1116","sukses",""
"2026-07-29T13:44:36.118Z","peer-a","ZKP","call_setup_total","510.800","","sukses",""
"2026-07-29T13:44:38.765Z","peer-a","ZKP","generate_proof_client","293.500","1112","sukses",""
"2026-07-29T13:44:38.966Z","peer-a","ZKP","call_setup_total","519.500","","sukses",""
"2026-07-29T13:44:41.535Z","peer-a","ZKP","generate_proof_client","291.200","1112","sukses",""
"2026-07-29T13:44:41.734Z","peer-a","ZKP","call_setup_total","510.000","","sukses",""
"2026-07-29T13:44:42.962Z","peer-a","ZKP","generate_proof_client","314.500","1116","sukses",""
"2026-07-29T13:44:43.181Z","peer-a","ZKP","call_setup_total","560.900","","sukses",""
"2026-07-29T13:44:45.758Z","peer-a","ZKP","generate_proof_client","295.300","1116","sukses",""
"2026-07-29T13:44:45.960Z","peer-a","ZKP","call_setup_total","522.800","","sukses",""
"2026-07-29T13:44:48.535Z","peer-a","ZKP","generate_proof_client","304.700","1116","sukses",""
"2026-07-29T13:44:48.735Z","peer-a","ZKP","call_setup_total","529.500","","sukses",""
"2026-07-29T13:44:51.369Z","peer-a","ZKP","generate_proof_client","305.900","1116","sukses",""
"2026-07-29T13:44:51.576Z","peer-a","ZKP","call_setup_total","539.400","","sukses",""
"2026-07-29T13:44:54.128Z","peer-a","ZKP","generate_proof_client","291.000","1116","sukses",""
"2026-07-29T13:44:54.322Z","peer-a","ZKP","call_setup_total","502.400","","sukses",""
"2026-07-29T13:44:56.911Z","peer-a","ZKP","generate_proof_client","298.600","1116","sukses",""
"2026-07-29T13:44:57.101Z","peer-a","ZKP","call_setup_total","506.300","","sukses",""
"2026-07-29T13:44:59.689Z","peer-a","ZKP","generate_proof_client","293.100","1112","sukses",""
"2026-07-29T13:44:59.884Z","peer-a","ZKP","call_setup_total","513.700","","sukses",""
"2026-07-29T13:45:02.518Z","peer-a","ZKP","generate_proof_client","322.300","1116","sukses",""
"2026-07-29T13:45:02.716Z","peer-a","ZKP","call_setup_total","545.200","","sukses",""
"2026-07-29T13:45:05.314Z","peer-a","ZKP","generate_proof_client","317.800","1120","sukses",""
"2026-07-29T13:45:05.512Z","peer-a","ZKP","call_setup_total","542.400","","sukses",""
"2026-07-29T13:45:08.091Z","peer-a","ZKP","generate_proof_client","319.600","1116","sukses",""
"2026-07-29T13:45:08.283Z","peer-a","ZKP","call_setup_total","532.000","","sukses",""
"2026-07-29T13:45:10.939Z","peer-a","ZKP","generate_proof_client","340.100","1112","sukses",""
"2026-07-29T13:45:11.140Z","peer-a","ZKP","call_setup_total","568.500","","sukses",""
"2026-07-29T13:45:13.724Z","peer-a","ZKP","generate_proof_client","296.100","1116","sukses",""
"2026-07-29T13:45:13.922Z","peer-a","ZKP","call_setup_total","516.900","","sukses",""
"2026-07-29T13:45:16.553Z","peer-a","ZKP","generate_proof_client","307.900","1116","sukses",""
"2026-07-29T13:45:16.775Z","peer-a","ZKP","call_setup_total","554.400","","sukses",""
"2026-07-29T13:45:19.403Z","peer-a","ZKP","generate_proof_client","306.200","1112","sukses",""
"2026-07-29T13:45:19.611Z","peer-a","ZKP","call_setup_total","533.400","","sukses",""
"2026-07-29T13:45:22.206Z","peer-a","ZKP","generate_proof_client","293.400","1116","sukses",""
"2026-07-29T13:45:22.407Z","peer-a","ZKP","call_setup_total","520.800","","sukses",""
"2026-09-17T11:00:28.550Z","peer-a","JWT","login_client","6.600","26","sukses",""
"2026-09-17T11:00:29.225Z","peer-a","JWT","call_setup_total","688.700","","sukses",""
"2026-09-17T11:00:31.940Z","peer-a","JWT","login_client","9.000","26","sukses",""
"2026-09-17T11:00:32.321Z","peer-a","JWT","call_setup_total","406.900","","sukses",""
"2026-09-17T11:00:35.095Z","peer-a","JWT","login_client","6.500","26","sukses",""
"2026-09-17T11:00:35.572Z","peer-a","JWT","call_setup_total","505.600","","sukses",""
"2026-09-17T11:00:38.563Z","peer-a","JWT","login_client","15.500","26","sukses",""
"2026-09-17T11:00:39.059Z","peer-a","JWT","call_setup_total","559.700","","sukses",""
"2026-09-17T11:00:42.236Z","peer-a","JWT","login_client","24.400","26","sukses",""
"2026-09-17T11:00:42.551Z","peer-a","JWT","call_setup_total","414.000","","sukses",""
"2026-09-17T11:00:45.678Z","peer-a","JWT","login_client","15.300","26","sukses",""
"2026-09-17T11:00:46.236Z","peer-a","JWT","call_setup_total","647.900","","sukses",""
"2026-09-17T11:00:48.970Z","peer-a","JWT","login_client","16.300","26","sukses",""
"2026-09-17T11:00:49.548Z","peer-a","JWT","call_setup_total","640.700","","sukses",""
"2026-09-17T11:00:52.583Z","peer-a","JWT","login_client","16.000","26","sukses",""
"2026-09-17T11:00:53.123Z","peer-a","JWT","call_setup_total","627.700","","sukses",""
"2026-09-17T11:00:55.961Z","peer-a","JWT","login_client","15.300","26","sukses",""
"2026-09-17T11:00:56.355Z","peer-a","JWT","call_setup_total","474.500","","sukses",""
"2026-09-17T11:00:59.143Z","peer-a","JWT","login_client","13.000","26","sukses",""
"2026-09-17T11:00:59.462Z","peer-a","JWT","call_setup_total","380.200","","sukses",""
"2026-09-17T11:01:02.298Z","peer-a","JWT","login_client","15.800","26","sukses",""
"2026-09-17T11:01:02.651Z","peer-a","JWT","call_setup_total","444.400","","sukses",""
"2026-09-17T11:01:05.540Z","peer-a","JWT","login_client","14.600","26","sukses",""
"2026-09-17T11:01:06.108Z","peer-a","JWT","call_setup_total","640.700","","sukses",""
"2026-09-17T11:01:09.334Z","peer-a","JWT","login_client","6.500","26","sukses",""
"2026-09-17T11:01:09.666Z","peer-a","JWT","call_setup_total","361.100","","sukses",""
"2026-09-17T11:01:12.587Z","peer-a","JWT","login_client","16.400","26","sukses",""
"2026-09-17T11:01:13.133Z","peer-a","JWT","call_setup_total","628.000","","sukses",""
"2026-09-17T11:01:15.664Z","peer-a","JWT","login_client","14.600","26","sukses",""
"2026-09-17T11:01:16.100Z","peer-a","JWT","call_setup_total","503.400","","sukses",""
"2026-09-17T11:01:18.865Z","peer-a","JWT","login_client","16.300","26","sukses",""
"2026-09-17T11:01:19.315Z","peer-a","JWT","call_setup_total","521.500","","sukses",""
"2026-09-17T11:01:22.017Z","peer-a","JWT","login_client","12.000","26","sukses",""
"2026-09-17T11:01:22.572Z","peer-a","JWT","call_setup_total","597.000","","sukses",""
"2026-09-17T11:01:25.349Z","peer-a","JWT","login_client","8.000","26","sukses",""
"2026-09-17T11:01:25.676Z","peer-a","JWT","call_setup_total","369.600","","sukses",""
"2026-09-17T11:01:28.720Z","peer-a","JWT","login_client","7.900","26","sukses",""
"2026-09-17T11:01:29.038Z","peer-a","JWT","call_setup_total","375.200","","sukses",""
"2026-09-17T11:01:31.651Z","peer-a","JWT","login_client","9.700","26","sukses",""
"2026-09-17T11:01:31.988Z","peer-a","JWT","call_setup_total","370.600","","sukses",""
"2026-09-17T11:01:35.028Z","peer-a","JWT","login_client","16.000","26","sukses",""
"2026-09-17T11:01:35.470Z","peer-a","JWT","call_setup_total","537.200","","sukses",""
"2026-09-17T11:01:38.185Z","peer-a","JWT","login_client","7.100","26","sukses",""
"2026-09-17T11:01:38.695Z","peer-a","JWT","call_setup_total","546.800","","sukses",""
"2026-09-17T11:01:41.309Z","peer-a","JWT","login_client","7.800","26","sukses",""
"2026-09-17T11:01:41.630Z","peer-a","JWT","call_setup_total","355.000","","sukses",""
"2026-09-17T11:01:44.940Z","peer-a","JWT","login_client","15.100","26","sukses",""
"2026-09-17T11:01:45.523Z","peer-a","JWT","call_setup_total","656.300","","sukses",""
"2026-09-17T11:01:48.682Z","peer-a","JWT","login_client","5.600","26","sukses",""
"2026-09-17T11:01:49.006Z","peer-a","JWT","call_setup_total","343.600","","sukses",""
"2026-09-17T11:01:51.496Z","peer-a","JWT","login_client","5.100","26","sukses",""
"2026-09-17T11:01:51.744Z","peer-a","JWT","call_setup_total","277.600","","sukses",""
"2026-09-17T11:01:54.730Z","peer-a","JWT","login_client","17.000","26","sukses",""
"2026-09-17T11:01:55.122Z","peer-a","JWT","call_setup_total","479.700","","sukses",""
"2026-09-17T11:01:58.435Z","peer-a","JWT","login_client","14.700","26","sukses",""
"2026-09-17T11:01:58.753Z","peer-a","JWT","call_setup_total","408.200","","sukses",""
"2026-09-17T11:02:01.834Z","peer-a","JWT","login_client","8.300","26","sukses",""
"2026-09-17T11:02:02.163Z","peer-a","JWT","call_setup_total","362.800","","sukses",""
"2026-09-17T11:02:04.949Z","peer-a","JWT","login_client","15.800","26","sukses",""
"2026-09-17T11:02:05.443Z","peer-a","JWT","call_setup_total","576.500","","sukses",""
"2026-09-17T11:02:08.435Z","peer-a","JWT","login_client","5.900","26","sukses",""
"2026-09-17T11:02:08.883Z","peer-a","JWT","call_setup_total","460.200","","sukses",""
"2026-09-17T11:02:11.969Z","peer-a","JWT","login_client","15.700","26","sukses",""
"2026-09-17T11:02:12.552Z","peer-a","JWT","call_setup_total","654.600","","sukses",""
"2026-09-17T11:02:15.541Z","peer-a","JWT","login_client","18.700","26","sukses",""
"2026-09-17T11:02:15.884Z","peer-a","JWT","call_setup_total","439.000","","sukses",""
"2026-09-17T11:02:18.868Z","peer-a","JWT","login_client","5.700","26","sukses",""
"2026-09-17T11:02:19.244Z","peer-a","JWT","call_setup_total","384.900","","sukses",""
"2026-09-17T11:02:21.979Z","peer-a","JWT","login_client","15.800","26","sukses",""
"2026-09-17T11:02:22.542Z","peer-a","JWT","call_setup_total","646.900","","sukses",""
"2026-09-17T11:02:25.410Z","peer-a","JWT","login_client","8.900","26","sukses",""
"2026-09-17T11:02:25.673Z","peer-a","JWT","call_setup_total","314.900","","sukses",""
"2026-09-17T11:02:28.969Z","peer-a","JWT","login_client","16.100","26","sukses",""
"2026-09-17T11:02:29.558Z","peer-a","JWT","call_setup_total","663.200","","sukses",""
"2026-09-17T11:02:32.781Z","peer-a","JWT","login_client","18.700","26","sukses",""
"2026-09-17T11:02:33.136Z","peer-a","JWT","call_setup_total","449.500","","sukses",""
"2026-09-17T11:02:36.445Z","peer-a","JWT","login_client","16.400","26","sukses",""
"2026-09-17T11:02:37.006Z","peer-a","JWT","call_setup_total","629.900","","sukses",""
"2026-09-17T11:02:40.075Z","peer-a","JWT","login_client","18.500","26","sukses",""
"2026-09-17T11:02:40.386Z","peer-a","JWT","call_setup_total","409.300","","sukses",""
"2026-09-17T11:02:43.344Z","peer-a","JWT","login_client","15.000","26","sukses",""
"2026-09-17T11:02:43.850Z","peer-a","JWT","call_setup_total","584.000","","sukses",""
"2026-09-17T11:02:46.777Z","peer-a","JWT","login_client","17.900","26","sukses",""
"2026-09-17T11:02:47.301Z","peer-a","JWT","call_setup_total","596.600","","sukses",""
"2026-09-17T11:02:50.201Z","peer-a","JWT","login_client","5.900","26","sukses",""
"2026-09-17T11:02:50.452Z","peer-a","JWT","call_setup_total","275.000","","sukses",""
"2026-09-17T11:02:53.483Z","peer-a","JWT","login_client","16.600","26","sukses",""
"2026-09-17T11:02:53.855Z","peer-a","JWT","call_setup_total","470.400","","sukses",""
"2026-09-17T11:02:56.825Z","peer-a","JWT","login_client","16.500","26","sukses",""
"2026-09-17T11:02:57.158Z","peer-a","JWT","call_setup_total","422.200","","sukses",""
"2026-09-17T11:03:00.248Z","peer-a","JWT","login_client","16.100","26","sukses",""
"2026-09-17T11:03:00.611Z","peer-a","JWT","call_setup_total","456.000","","sukses",""
"2026-09-17T11:03:03.964Z","peer-a","JWT","login_client","21.000","26","sukses",""
"2026-09-17T11:03:04.541Z","peer-a","JWT","call_setup_total","679.300","","sukses",""
"2026-09-17T11:03:07.466Z","peer-a","JWT","login_client","18.200","26","sukses",""
"2026-09-17T11:03:07.772Z","peer-a","JWT","call_setup_total","400.200","","sukses",""
"2026-09-17T11:03:10.554Z","peer-a","JWT","login_client","15.200","26","sukses",""
"2026-09-17T11:03:11.147Z","peer-a","JWT","call_setup_total","667.900","","sukses",""
"2026-09-17T11:03:14.018Z","peer-a","JWT","login_client","18.200","26","sukses",""
"2026-09-17T11:03:14.383Z","peer-a","JWT","call_setup_total","451.800","","sukses",""
"2026-09-17T11:03:16.740Z","peer-a","JWT","login_client","5.600","26","sukses",""
"2026-09-17T11:03:16.992Z","peer-a","JWT","call_setup_total","279.500","","sukses",""
"2026-09-17T11:03:19.270Z","peer-a","JWT","login_client","6.400","26","sukses",""
"2026-09-17T11:03:19.580Z","peer-a","JWT","call_setup_total","339.100","","sukses",""
"2026-09-17T11:03:21.960Z","peer-a","JWT","login_client","7.500","26","sukses",""
"2026-09-17T11:03:22.230Z","peer-a","JWT","call_setup_total","307.700","","sukses",""
"2026-09-17T11:03:24.811Z","peer-a","JWT","login_client","6.700","26","sukses",""
"2026-09-17T11:03:25.109Z","peer-a","JWT","call_setup_total","336.100","","sukses",""
"2026-09-17T11:03:27.434Z","peer-a","JWT","login_client","4.600","26","sukses",""
"2026-09-17T11:03:27.671Z","peer-a","JWT","call_setup_total","257.700","","sukses",""
"2026-09-17T11:03:30.397Z","peer-a","JWT","login_client","18.400","26","sukses",""
"2026-09-17T11:03:30.938Z","peer-a","JWT","call_setup_total","626.200","","sukses",""
"2026-09-17T11:03:33.939Z","peer-a","JWT","login_client","11.800","26","sukses",""
"2026-09-17T11:03:34.266Z","peer-a","JWT","call_setup_total","385.000","","sukses",""
"2026-09-17T11:03:36.993Z","peer-a","JWT","login_client","14.000","26","sukses",""
"2026-09-17T11:03:37.487Z","peer-a","JWT","call_setup_total","546.600","","sukses",""
"2026-09-17T11:03:40.591Z","peer-a","JWT","login_client","16.800","26","sukses",""
"2026-09-17T11:03:41.158Z","peer-a","JWT","call_setup_total","641.200","","sukses",""
"2026-09-17T11:03:44.333Z","peer-a","JWT","login_client","16.600","26","sukses",""
"2026-09-17T11:03:44.889Z","peer-a","JWT","call_setup_total","641.400","","sukses",""
"2026-09-17T11:03:47.655Z","peer-a","JWT","login_client","14.400","26","sukses",""
"2026-09-17T11:03:48.110Z","peer-a","JWT","call_setup_total","512.000","","sukses",""
"2026-09-17T11:03:51.287Z","peer-a","JWT","login_client","6.300","26","sukses",""
"2026-09-17T11:03:51.738Z","peer-a","JWT","call_setup_total","471.300","","sukses",""
"2026-09-17T11:03:54.507Z","peer-a","JWT","login_client","5.300","26","sukses",""
"2026-09-17T11:03:54.826Z","peer-a","JWT","call_setup_total","339.900","","sukses",""
"2026-09-17T11:03:57.368Z","peer-a","JWT","login_client","15.200","26","sukses",""
"2026-09-17T11:03:57.938Z","peer-a","JWT","call_setup_total","638.900","","sukses",""
"2026-09-17T11:04:00.981Z","peer-a","JWT","login_client","5.500","26","sukses",""
"2026-09-17T11:04:01.480Z","peer-a","JWT","call_setup_total","508.900","","sukses",""
"2026-09-17T11:04:04.527Z","peer-a","JWT","login_client","16.100","26","sukses",""
"2026-09-17T11:04:05.108Z","peer-a","JWT","call_setup_total","660.500","","sukses",""
"2026-09-17T11:04:08.082Z","peer-a","JWT","login_client","17.400","26","sukses",""
"2026-09-17T11:04:08.424Z","peer-a","JWT","call_setup_total","435.100","","sukses",""
"2026-09-17T11:04:11.717Z","peer-a","JWT","login_client","16.000","26","sukses",""
"2026-09-17T11:04:12.302Z","peer-a","JWT","call_setup_total","660.100","","sukses",""
"2026-09-17T11:04:15.202Z","peer-a","JWT","login_client","15.300","26","sukses",""
"2026-09-17T11:04:15.501Z","peer-a","JWT","call_setup_total","382.800","","sukses",""
"2026-09-17T11:04:18.443Z","peer-a","JWT","login_client","4.600","26","sukses",""
"2026-09-17T11:04:18.982Z","peer-a","JWT","call_setup_total","550.200","","sukses",""
"2026-09-17T11:04:21.707Z","peer-a","JWT","login_client","7.100","26","sukses",""
"2026-09-17T11:04:22.020Z","peer-a","JWT","call_setup_total","348.700","","sukses",""
"2026-09-17T11:04:24.631Z","peer-a","JWT","login_client","8.000","26","sukses",""
"2026-09-17T11:04:24.936Z","peer-a","JWT","call_setup_total","343.700","","sukses",""
"2026-09-17T11:04:27.277Z","peer-a","JWT","login_client","6.200","26","sukses",""
"2026-09-17T11:04:27.608Z","peer-a","JWT","call_setup_total","355.600","","sukses",""
"2026-09-17T11:04:29.960Z","peer-a","JWT","login_client","6.300","26","sukses",""
"2026-09-17T11:04:30.237Z","peer-a","JWT","call_setup_total","310.600","","sukses",""
"2026-09-17T11:04:32.657Z","peer-a","JWT","login_client","5.600","26","sukses",""
"2026-09-17T11:04:32.911Z","peer-a","JWT","call_setup_total","278.600","","sukses",""
"2026-09-17T11:04:35.434Z","peer-a","JWT","login_client","5.600","26","sukses",""
"2026-09-17T11:04:35.702Z","peer-a","JWT","call_setup_total","292.200","","sukses",""
"2026-09-17T11:04:38.073Z","peer-a","JWT","login_client","5.300","26","sukses",""
"2026-09-17T11:04:38.357Z","peer-a","JWT","call_setup_total","314.100","","sukses",""
"2026-09-17T11:04:40.684Z","peer-a","JWT","login_client","5.400","26","sukses",""
"2026-09-17T11:04:40.986Z","peer-a","JWT","call_setup_total","328.000","","sukses",""
"2026-09-17T11:04:43.398Z","peer-a","JWT","login_client","6.400","26","sukses",""
"2026-09-17T11:04:43.689Z","peer-a","JWT","call_setup_total","320.000","","sukses",""
"2026-09-17T11:04:46.399Z","peer-a","JWT","login_client","6.300","26","sukses",""
"2026-09-17T11:04:46.653Z","peer-a","JWT","call_setup_total","290.500","","sukses",""
"2026-09-17T11:04:49.133Z","peer-a","JWT","login_client","7.400","26","sukses",""
"2026-09-17T11:04:49.410Z","peer-a","JWT","call_setup_total","319.500","","sukses",""
"2026-09-17T11:04:51.677Z","peer-a","JWT","login_client","8.100","26","sukses",""
"2026-09-17T11:04:51.964Z","peer-a","JWT","call_setup_total","317.900","","sukses",""
"2026-09-17T11:04:54.257Z","peer-a","JWT","login_client","5.500","26","sukses",""
"2026-09-17T11:04:54.518Z","peer-a","JWT","call_setup_total","290.400","","sukses",""
"2026-09-17T11:04:56.879Z","peer-a","JWT","login_client","6.000","26","sukses",""
"2026-09-17T11:04:57.162Z","peer-a","JWT","call_setup_total","307.400","","sukses",""
"2026-09-17T11:04:59.583Z","peer-a","JWT","login_client","9.400","26","sukses",""
"2026-09-17T11:04:59.894Z","peer-a","JWT","call_setup_total","352.700","","sukses",""
"2026-09-17T11:05:03.001Z","peer-a","JWT","login_client","22.200","26","sukses",""
"2026-09-17T11:05:03.364Z","peer-a","JWT","call_setup_total","486.900","","sukses",""
"2026-09-17T11:05:06.027Z","peer-a","JWT","login_client","15.900","26","sukses",""
"2026-09-17T11:05:06.458Z","peer-a","JWT","call_setup_total","514.900","","sukses",""
"2026-09-17T11:05:08.945Z","peer-a","JWT","login_client","11.800","26","sukses",""
"2026-09-17T11:05:09.281Z","peer-a","JWT","call_setup_total","394.500","","sukses",""
"2026-09-17T11:05:11.657Z","peer-a","JWT","login_client","6.500","26","sukses",""
"2026-09-17T11:05:11.973Z","peer-a","JWT","call_setup_total","344.600","","sukses",""
"2026-09-17T11:05:14.435Z","peer-a","JWT","login_client","5.900","26","sukses",""
"2026-09-17T11:05:14.769Z","peer-a","JWT","call_setup_total","374.100","","sukses",""
"2026-09-17T11:05:17.143Z","peer-a","JWT","login_client","6.100","26","sukses",""
"2026-09-17T11:05:17.471Z","peer-a","JWT","call_setup_total","360.900","","sukses",""
"2026-09-17T11:05:19.828Z","peer-a","JWT","login_client","5.900","26","sukses",""
"2026-09-17T11:05:20.087Z","peer-a","JWT","call_setup_total","304.300","","sukses",""
"2026-09-17T11:05:23.051Z","peer-a","JWT","login_client","16.700","26","sukses",""
"2026-09-17T11:05:23.357Z","peer-a","JWT","call_setup_total","399.800","","sukses",""
"2026-09-17T11:05:25.643Z","peer-a","JWT","login_client","5.700","26","sukses",""
"2026-09-17T11:05:25.999Z","peer-a","JWT","call_setup_total","392.800","","sukses",""
"2026-09-17T11:05:28.579Z","peer-a","JWT","login_client","4.500","26","sukses",""
"2026-09-17T11:05:29.017Z","peer-a","JWT","call_setup_total","461.700","","sukses",""
"2026-09-17T11:05:31.675Z","peer-a","JWT","login_client","5.900","26","sukses",""
"2026-09-17T11:05:31.951Z","peer-a","JWT","call_setup_total","299.000","","sukses",""
"2026-09-17T11:05:34.156Z","peer-a","JWT","login_client","4.900","26","sukses",""
"2026-09-17T11:05:34.453Z","peer-a","JWT","call_setup_total","321.000","","sukses",""
"2026-09-17T11:05:36.723Z","peer-a","JWT","login_client","6.700","26","sukses",""
"2026-09-17T11:05:37.026Z","peer-a","JWT","call_setup_total","329.800","","sukses",""
"2026-09-17T11:05:39.329Z","peer-a","JWT","login_client","8.200","26","sukses",""
"2026-09-17T11:05:39.669Z","peer-a","JWT","call_setup_total","371.900","","sukses",""
"2026-09-17T11:05:42.338Z","peer-a","JWT","login_client","4.900","26","sukses",""
"2026-09-17T11:05:42.613Z","peer-a","JWT","call_setup_total","297.300","","sukses",""
"2026-09-17T11:05:47.020Z","peer-a","ZKP","generate_proof_client","950.800","1112","sukses",""
"2026-09-17T11:05:47.329Z","peer-a","ZKP","call_setup_total","1291.900","","sukses",""
"2026-09-17T11:05:51.971Z","peer-a","ZKP","generate_proof_client","971.100","1116","sukses",""
"2026-09-17T11:05:52.444Z","peer-a","ZKP","call_setup_total","1433.300","","sukses",""
"2026-09-17T11:05:57.128Z","peer-a","ZKP","generate_proof_client","1106.000","1112","sukses",""
"2026-09-17T11:05:57.603Z","peer-a","ZKP","call_setup_total","1614.900","","sukses",""
"2026-09-17T11:06:02.347Z","peer-a","ZKP","generate_proof_client","1278.800","1116","sukses",""
"2026-09-17T11:06:02.677Z","peer-a","ZKP","call_setup_total","1690.200","","sukses",""
"2026-09-17T11:06:06.948Z","peer-a","ZKP","generate_proof_client","962.400","1116","sukses",""
"2026-09-17T11:06:07.570Z","peer-a","ZKP","call_setup_total","1624.400","","sukses",""
"2026-09-17T11:06:11.913Z","peer-a","ZKP","generate_proof_client","760.600","1116","sukses",""
"2026-09-17T11:06:12.274Z","peer-a","ZKP","call_setup_total","1156.700","","sukses",""
"2026-09-17T11:06:16.481Z","peer-a","ZKP","generate_proof_client","988.000","1112","sukses",""
"2026-09-17T11:06:16.813Z","peer-a","ZKP","call_setup_total","1380.400","","sukses",""
"2026-09-17T11:06:20.696Z","peer-a","ZKP","generate_proof_client","612.500","1112","sukses",""
"2026-09-17T11:06:20.959Z","peer-a","ZKP","call_setup_total","910.100","","sukses",""
"2026-09-17T11:06:25.193Z","peer-a","ZKP","generate_proof_client","927.300","1116","sukses",""
"2026-09-17T11:06:25.741Z","peer-a","ZKP","call_setup_total","1512.100","","sukses",""
"2026-09-17T11:06:30.102Z","peer-a","ZKP","generate_proof_client","1104.100","1116","sukses",""
"2026-09-17T11:06:30.493Z","peer-a","ZKP","call_setup_total","1522.600","","sukses",""
"2026-09-17T11:06:37.966Z","peer-a","ZKP","generate_proof_client","1060.500","1116","sukses",""
"2026-09-17T11:06:38.712Z","peer-a","ZKP","call_setup_total","1849.200","","sukses",""
"2026-09-17T11:06:43.142Z","peer-a","ZKP","generate_proof_client","677.200","1116","sukses",""
"2026-09-17T11:06:43.702Z","peer-a","ZKP","call_setup_total","1253.300","","sukses",""
"2026-09-17T11:06:47.538Z","peer-a","ZKP","generate_proof_client","839.200","1112","sukses",""
"2026-09-17T11:06:47.851Z","peer-a","ZKP","call_setup_total","1191.800","","sukses",""
"2026-09-17T11:06:52.906Z","peer-a","ZKP","generate_proof_client","773.200","1116","sukses",""
"2026-09-17T11:06:53.289Z","peer-a","ZKP","call_setup_total","1133.400","","sukses",""
"2026-09-17T11:06:57.845Z","peer-a","ZKP","generate_proof_client","963.100","1116","sukses",""
"2026-09-17T11:06:58.289Z","peer-a","ZKP","call_setup_total","1450.600","","sukses",""
"2026-09-17T11:07:02.865Z","peer-a","ZKP","generate_proof_client","1089.100","1116","sukses",""
"2026-09-17T11:07:03.339Z","peer-a","ZKP","call_setup_total","1606.100","","sukses",""
"2026-09-17T11:07:07.912Z","peer-a","ZKP","generate_proof_client","1165.500","1112","sukses",""
"2026-09-17T11:07:08.384Z","peer-a","ZKP","call_setup_total","1669.200","","sukses",""
"2026-09-17T11:07:13.099Z","peer-a","ZKP","generate_proof_client","787.800","1112","sukses",""
"2026-09-17T11:07:13.463Z","peer-a","ZKP","call_setup_total","1186.600","","sukses",""
"2026-09-17T11:07:19.428Z","peer-a","ZKP","generate_proof_client","836.200","1116","sukses",""
"2026-09-17T11:07:20.177Z","peer-a","ZKP","call_setup_total","1614.400","","sukses",""
"2026-09-17T11:07:23.602Z","peer-a","ZKP","generate_proof_client","589.700","1112","sukses",""
"2026-09-17T11:07:23.918Z","peer-a","ZKP","call_setup_total","927.400","","sukses",""
"2026-09-17T11:07:27.362Z","peer-a","ZKP","generate_proof_client","496.400","1112","sukses",""
"2026-09-17T11:07:27.640Z","peer-a","ZKP","call_setup_total","801.000","","sukses",""
"2026-09-17T11:07:32.233Z","peer-a","ZKP","generate_proof_client","922.000","1116","sukses",""
"2026-09-17T11:07:32.604Z","peer-a","ZKP","call_setup_total","1341.000","","sukses",""
"2026-09-17T11:07:38.723Z","peer-a","ZKP","generate_proof_client","930.800","1116","sukses",""
"2026-09-17T11:07:39.028Z","peer-a","ZKP","call_setup_total","1257.200","","sukses",""
"2026-09-17T11:07:43.797Z","peer-a","ZKP","generate_proof_client","1105.500","1112","sukses",""
"2026-09-17T11:07:44.100Z","peer-a","ZKP","call_setup_total","1459.100","","sukses",""
"2026-09-17T11:07:49.899Z","peer-a","ZKP","generate_proof_client","780.200","1116","sukses",""
"2026-09-17T11:07:50.230Z","peer-a","ZKP","call_setup_total","1154.800","","sukses",""
"2026-09-17T11:07:57.609Z","peer-a","ZKP","generate_proof_client","669.300","1112","sukses",""
"2026-09-17T11:07:58.516Z","peer-a","ZKP","call_setup_total","1614.000","","sukses",""
"2026-09-17T11:08:05.775Z","peer-a","ZKP","generate_proof_client","934.500","1116","sukses",""
"2026-09-17T11:08:06.299Z","peer-a","ZKP","call_setup_total","1494.000","","sukses",""
"2026-09-17T11:08:11.204Z","peer-a","ZKP","generate_proof_client","762.000","1120","sukses",""
"2026-09-17T11:08:11.554Z","peer-a","ZKP","call_setup_total","1155.000","","sukses",""
"2026-09-17T11:08:15.266Z","peer-a","ZKP","generate_proof_client","640.100","1116","sukses",""
"2026-09-17T11:08:15.872Z","peer-a","ZKP","call_setup_total","1273.300","","sukses",""
"2026-09-17T11:08:19.853Z","peer-a","ZKP","generate_proof_client","940.800","1112","sukses",""
"2026-09-17T11:08:20.150Z","peer-a","ZKP","call_setup_total","1269.400","","sukses",""
"2026-09-17T11:08:23.650Z","peer-a","ZKP","generate_proof_client","698.500","1112","sukses",""
"2026-09-17T11:08:24.030Z","peer-a","ZKP","call_setup_total","1119.700","","sukses",""
"2026-09-17T11:08:27.895Z","peer-a","ZKP","generate_proof_client","554.000","1120","sukses",""
"2026-09-17T11:08:28.206Z","peer-a","ZKP","call_setup_total","888.800","","sukses",""
"2026-09-17T11:08:32.028Z","peer-a","ZKP","generate_proof_client","662.700","1112","sukses",""
"2026-09-17T11:08:32.735Z","peer-a","ZKP","call_setup_total","1399.700","","sukses",""
"2026-09-17T11:08:36.877Z","peer-a","ZKP","generate_proof_client","765.600","1112","sukses",""
"2026-09-17T11:08:37.218Z","peer-a","ZKP","call_setup_total","1145.600","","sukses",""
"2026-09-17T11:08:40.748Z","peer-a","ZKP","generate_proof_client","545.000","1120","sukses",""
"2026-09-17T11:08:40.980Z","peer-a","ZKP","call_setup_total","803.900","","sukses",""
"2026-09-17T11:08:44.689Z","peer-a","ZKP","generate_proof_client","550.000","1112","sukses",""
"2026-09-17T11:08:44.995Z","peer-a","ZKP","call_setup_total","889.900","","sukses",""
"2026-09-17T11:08:49.908Z","peer-a","ZKP","generate_proof_client","871.700","1112","sukses",""
"2026-09-17T11:08:50.260Z","peer-a","ZKP","call_setup_total","1276.400","","sukses",""
"2026-09-17T11:08:55.279Z","peer-a","ZKP","generate_proof_client","1064.400","1120","sukses",""
"2026-09-17T11:08:55.573Z","peer-a","ZKP","call_setup_total","1409.200","","sukses",""
"2026-09-17T11:08:59.742Z","peer-a","ZKP","generate_proof_client","543.700","1112","sukses",""
"2026-09-17T11:08:59.985Z","peer-a","ZKP","call_setup_total","815.700","","sukses",""
"2026-09-17T11:09:04.581Z","peer-a","ZKP","generate_proof_client","862.000","1116","sukses",""
"2026-09-17T11:09:04.952Z","peer-a","ZKP","call_setup_total","1278.900","","sukses",""
"2026-09-17T11:09:09.922Z","peer-a","ZKP","generate_proof_client","969.400","1116","sukses",""
"2026-09-17T11:09:10.281Z","peer-a","ZKP","call_setup_total","1380.300","","sukses",""
"2026-09-17T11:09:15.387Z","peer-a","ZKP","generate_proof_client","1087.100","1116","sukses",""
"2026-09-17T11:09:15.940Z","peer-a","ZKP","call_setup_total","1696.100","","sukses",""
"2026-09-17T11:09:20.304Z","peer-a","ZKP","generate_proof_client","911.400","1116","sukses",""
"2026-09-17T11:09:20.650Z","peer-a","ZKP","call_setup_total","1302.700","","sukses",""
"2026-09-17T11:09:25.497Z","peer-a","ZKP","generate_proof_client","1136.900","1116","sukses",""
"2026-09-17T11:09:25.789Z","peer-a","ZKP","call_setup_total","1476.900","","sukses",""
"2026-09-17T11:09:30.765Z","peer-a","ZKP","generate_proof_client","1044.500","1116","sukses",""
"2026-09-17T11:09:31.215Z","peer-a","ZKP","call_setup_total","1545.700","","sukses",""
"2026-09-17T11:09:35.531Z","peer-a","ZKP","generate_proof_client","1029.700","1116","sukses",""
"2026-09-17T11:09:36.011Z","peer-a","ZKP","call_setup_total","1569.200","","sukses",""
"2026-09-17T11:09:40.292Z","peer-a","ZKP","generate_proof_client","1130.600","1116","sukses",""
"2026-09-17T11:09:40.664Z","peer-a","ZKP","call_setup_total","1544.900","","sukses",""
"2026-09-17T11:09:45.618Z","peer-a","ZKP","generate_proof_client","1116.100","1112","sukses",""
"2026-09-17T11:09:46.057Z","peer-a","ZKP","call_setup_total","1599.800","","sukses",""
"2026-09-17T11:09:51.276Z","peer-a","ZKP","generate_proof_client","974.700","1116","sukses",""
"2026-09-17T11:09:51.743Z","peer-a","ZKP","call_setup_total","1492.200","","sukses",""
"2026-09-17T11:09:56.178Z","peer-a","ZKP","generate_proof_client","702.100","1112","sukses",""
"2026-09-17T11:09:56.474Z","peer-a","ZKP","call_setup_total","1029.200","","sukses",""
"2026-09-17T11:10:01.126Z","peer-a","ZKP","generate_proof_client","900.000","1120","sukses",""
"2026-09-17T11:10:01.446Z","peer-a","ZKP","call_setup_total","1249.500","","sukses",""
"2026-09-17T11:10:06.520Z","peer-a","ZKP","generate_proof_client","962.000","1120","sukses",""
"2026-09-17T11:10:06.845Z","peer-a","ZKP","call_setup_total","1330.300","","sukses",""
"2026-09-17T11:10:11.997Z","peer-a","ZKP","generate_proof_client","997.300","1116","sukses",""
"2026-09-17T11:10:12.496Z","peer-a","ZKP","call_setup_total","1546.100","","sukses",""
"2026-09-17T11:10:17.413Z","peer-a","ZKP","generate_proof_client","1122.400","1116","sukses",""
"2026-09-17T11:10:17.798Z","peer-a","ZKP","call_setup_total","1565.600","","sukses",""
"2026-09-17T11:10:23.027Z","peer-a","ZKP","generate_proof_client","929.900","1120","sukses",""
"2026-09-17T11:10:23.437Z","peer-a","ZKP","call_setup_total","1392.500","","sukses",""
"2026-09-17T11:10:28.350Z","peer-a","ZKP","generate_proof_client","733.600","1116","sukses",""
"2026-09-17T11:10:28.731Z","peer-a","ZKP","call_setup_total","1148.800","","sukses",""
"2026-09-17T11:10:33.956Z","peer-a","ZKP","generate_proof_client","1214.900","1116","sukses",""
"2026-09-17T11:10:34.460Z","peer-a","ZKP","call_setup_total","1771.300","","sukses",""
"2026-09-17T11:10:39.105Z","peer-a","ZKP","generate_proof_client","810.900","1116","sukses",""
"2026-09-17T11:10:39.551Z","peer-a","ZKP","call_setup_total","1294.500","","sukses",""
"2026-09-17T11:10:44.069Z","peer-a","ZKP","generate_proof_client","866.100","1116","sukses",""
"2026-09-17T11:10:44.542Z","peer-a","ZKP","call_setup_total","1366.600","","sukses",""
"2026-09-17T11:10:49.686Z","peer-a","ZKP","generate_proof_client","961.300","1108","sukses",""
"2026-09-17T11:10:49.959Z","peer-a","ZKP","call_setup_total","1289.200","","sukses",""
"2026-09-17T11:10:54.151Z","peer-a","ZKP","generate_proof_client","1033.700","1112","sukses",""
"2026-09-17T11:10:54.427Z","peer-a","ZKP","call_setup_total","1353.300","","sukses",""
"2026-09-17T11:10:59.213Z","peer-a","ZKP","generate_proof_client","845.800","1112","sukses",""
"2026-09-17T11:10:59.575Z","peer-a","ZKP","call_setup_total","1246.900","","sukses",""
"2026-09-17T11:11:04.348Z","peer-a","ZKP","generate_proof_client","1011.500","1116","sukses",""
"2026-09-17T11:11:04.799Z","peer-a","ZKP","call_setup_total","1502.300","","sukses",""
"2026-09-17T11:11:09.555Z","peer-a","ZKP","generate_proof_client","912.300","1116","sukses",""
"2026-09-17T11:11:09.976Z","peer-a","ZKP","call_setup_total","1374.100","","sukses",""
"2026-09-17T11:11:14.533Z","peer-a","ZKP","generate_proof_client","934.200","1116","sukses",""
"2026-09-17T11:11:15.198Z","peer-a","ZKP","call_setup_total","1644.300","","sukses",""
"2026-09-17T11:11:20.208Z","peer-a","ZKP","generate_proof_client","770.000","1112","sukses",""
"2026-09-17T11:11:20.600Z","peer-a","ZKP","call_setup_total","1205.800","","sukses",""
"2026-09-17T11:11:25.233Z","peer-a","ZKP","generate_proof_client","1233.500","1116","sukses",""
"2026-09-17T11:11:25.551Z","peer-a","ZKP","call_setup_total","1612.900","","sukses",""
"2026-09-17T11:11:30.249Z","peer-a","ZKP","generate_proof_client","869.500","1116","sukses",""
"2026-09-17T11:11:30.697Z","peer-a","ZKP","call_setup_total","1351.800","","sukses",""
"2026-09-17T11:11:35.545Z","peer-a","ZKP","generate_proof_client","1082.200","1120","sukses",""
"2026-09-17T11:11:35.855Z","peer-a","ZKP","call_setup_total","1442.600","","sukses",""
"2026-09-17T11:11:40.518Z","peer-a","ZKP","generate_proof_client","869.200","1116","sukses",""
"2026-09-17T11:11:40.872Z","peer-a","ZKP","call_setup_total","1270.500","","sukses",""
"2026-09-17T11:11:45.843Z","peer-a","ZKP","generate_proof_client","870.100","1112","sukses",""
"2026-09-17T11:11:46.271Z","peer-a","ZKP","call_setup_total","1341.600","","sukses",""
"2026-09-17T11:11:51.049Z","peer-a","ZKP","generate_proof_client","851.200","1116","sukses",""
"2026-09-17T11:11:51.348Z","peer-a","ZKP","call_setup_total","1189.500","","sukses",""
"2026-09-17T11:11:56.279Z","peer-a","ZKP","generate_proof_client","758.900","1116","sukses",""
"2026-09-17T11:11:56.717Z","peer-a","ZKP","call_setup_total","1233.600","","sukses",""
"2026-09-17T11:12:01.955Z","peer-a","ZKP","generate_proof_client","1056.300","1116","sukses",""
"2026-09-17T11:12:02.310Z","peer-a","ZKP","call_setup_total","1460.900","","sukses",""
"2026-09-17T11:12:06.605Z","peer-a","ZKP","generate_proof_client","1093.200","1112","sukses",""
"2026-09-17T11:12:07.009Z","peer-a","ZKP","call_setup_total","1529.800","","sukses",""
"2026-09-17T11:12:11.578Z","peer-a","ZKP","generate_proof_client","1026.500","1116","sukses",""
"2026-09-17T11:12:11.938Z","peer-a","ZKP","call_setup_total","1451.400","","sukses",""
"2026-09-17T11:12:16.791Z","peer-a","ZKP","generate_proof_client","890.300","1116","sukses",""
"2026-09-17T11:12:17.229Z","peer-a","ZKP","call_setup_total","1378.400","","sukses",""
"2026-09-17T11:12:22.209Z","peer-a","ZKP","generate_proof_client","890.300","1116","sukses",""
"2026-09-17T11:12:22.635Z","peer-a","ZKP","call_setup_total","1367.200","","sukses",""
"2026-09-17T11:12:27.531Z","peer-a","ZKP","generate_proof_client","1081.300","1116","sukses",""
"2026-09-17T11:12:27.892Z","peer-a","ZKP","call_setup_total","1494.400","","sukses",""
"2026-09-17T11:12:33.259Z","peer-a","ZKP","generate_proof_client","931.500","1112","sukses",""
"2026-09-17T11:12:33.755Z","peer-a","ZKP","call_setup_total","1477.500","","sukses",""
"2026-09-17T11:12:38.466Z","peer-a","ZKP","generate_proof_client","785.600","1116","sukses",""
"2026-09-17T11:12:38.897Z","peer-a","ZKP","call_setup_total","1268.100","","sukses",""
"2026-09-17T11:12:43.672Z","peer-a","ZKP","generate_proof_client","862.400","1112","sukses",""
"2026-09-17T11:12:44.046Z","peer-a","ZKP","call_setup_total","1274.200","","sukses",""
"2026-09-17T11:12:49.447Z","peer-a","ZKP","generate_proof_client","1024.400","1116","sukses",""
"2026-09-17T11:12:50.023Z","peer-a","ZKP","call_setup_total","1642.600","","sukses",""
"2026-09-17T11:12:54.858Z","peer-a","ZKP","generate_proof_client","1036.500","1112","sukses",""
"2026-09-17T11:12:55.237Z","peer-a","ZKP","call_setup_total","1459.200","","sukses",""
"2026-09-17T11:13:00.005Z","peer-a","ZKP","generate_proof_client","841.600","1112","sukses",""
"2026-09-17T11:13:00.288Z","peer-a","ZKP","call_setup_total","1173.300","","sukses",""
"2026-09-17T11:13:05.525Z","peer-a","ZKP","generate_proof_client","1097.800","1116","sukses",""
"2026-09-17T11:13:06.006Z","peer-a","ZKP","call_setup_total","1637.400","","sukses",""
"2026-09-17T11:13:10.770Z","peer-a","ZKP","generate_proof_client","1000.800","1116","sukses",""
"2026-09-17T11:13:11.197Z","peer-a","ZKP","call_setup_total","1464.400","","sukses",""
"2026-09-17T11:13:15.999Z","peer-a","ZKP","generate_proof_client","807.800","1112","sukses",""
"2026-09-17T11:13:16.355Z","peer-a","ZKP","call_setup_total","1199.500","","sukses",""
"2026-09-17T11:13:21.085Z","peer-a","ZKP","generate_proof_client","1106.600","1112","sukses",""
"2026-09-17T11:13:21.438Z","peer-a","ZKP","call_setup_total","1518.300","","sukses",""
"2026-09-17T11:13:26.252Z","peer-a","ZKP","generate_proof_client","922.000","1116","sukses",""
"2026-09-17T11:13:26.581Z","peer-a","ZKP","call_setup_total","1294.500","","sukses",""
"2026-09-17T11:13:31.236Z","peer-a","ZKP","generate_proof_client","1013.600","1112","sukses",""
"2026-09-17T11:13:31.648Z","peer-a","ZKP","call_setup_total","1480.300","","sukses",""
"2026-09-17T11:13:36.653Z","peer-a","ZKP","generate_proof_client","847.900","1116","sukses",""
"2026-09-17T11:13:36.993Z","peer-a","ZKP","call_setup_total","1227.000","","sukses",""
"2026-09-17T11:13:41.909Z","peer-a","ZKP","generate_proof_client","876.600","1112","sukses",""
"2026-09-17T11:13:42.317Z","peer-a","ZKP","call_setup_total","1320.800","","sukses",""
"2026-09-17T11:13:47.047Z","peer-a","ZKP","generate_proof_client","945.700","1116","sukses",""
"2026-09-17T11:13:47.431Z","peer-a","ZKP","call_setup_total","1383.100","","sukses",""
"2026-09-17T11:13:52.204Z","peer-a","ZKP","generate_proof_client","863.000","1112","sukses",""
"2026-09-17T11:13:52.593Z","peer-a","ZKP","call_setup_total","1285.400","","sukses",""
"2026-09-17T11:13:57.820Z","peer-a","ZKP","generate_proof_client","897.000","1116","sukses",""
"2026-09-17T11:13:58.148Z","peer-a","ZKP","call_setup_total","1278.600","","sukses",""
"2026-09-17T11:14:02.905Z","peer-a","ZKP","generate_proof_client","967.800","1112","sukses",""
"2026-09-17T11:14:03.241Z","peer-a","ZKP","call_setup_total","1360.500","","sukses",""
"2026-09-17T11:14:08.368Z","peer-a","ZKP","generate_proof_client","885.000","1112","sukses",""
"2026-09-17T11:14:08.742Z","peer-a","ZKP","call_setup_total","1306.100","","sukses",""
"2026-09-17T11:14:13.849Z","peer-a","ZKP","generate_proof_client","1238.500","1116","sukses",""
"2026-09-17T11:14:14.333Z","peer-a","ZKP","call_setup_total","1788.400","","sukses",""
"2026-09-17T11:14:19.252Z","peer-a","ZKP","generate_proof_client","1085.200","1112","sukses",""
"2026-09-17T11:14:19.690Z","peer-a","ZKP","call_setup_total","1554.000","","sukses",""
